{"cameraMode":{"drawMode":0,"name":"Shaded","section":"Shading Mode"},"sceneLighting":false,"audioPlay":false,"sceneViewState":{"showFog":false,"showMaterialUpdate":false,"showSkybox":false,"showFlares":false,"showImageEffects":false,"showParticleSystems":false},"in2DMode":false,"pivot":{"x":12.086031913757325,"y":0.9386144280433655,"z":6.229088306427002},"rotation":{"x":-0.1633814424276352,"y":0.10161302238702774,"z":-0.016922341659665109,"w":-0.981185793876648},"size":6.387129306793213,"orthographic":false}