{"cameraMode":{"drawMode":0,"name":"Shaded","section":"Shading Mode"},"sceneLighting":true,"audioPlay":false,"sceneViewState":{"showFog":false,"showMaterialUpdate":false,"showSkybox":false,"showFlares":false,"showImageEffects":false,"showParticleSystems":false},"in2DMode":false,"pivot":{"x":115.667724609375,"y":-174.12399291992188,"z":199.25738525390626},"rotation":{"x":-0.39773112535476687,"y":0.04236002638936043,"z":-0.01838531531393528,"w":-0.9163516759872437},"size":383.9760437011719,"orthographic":false}