{"cameraMode":{"drawMode":0,"name":"Shaded","section":"Shading Mode"},"sceneLighting":true,"audioPlay":false,"sceneViewState":{"showFog":false,"showMaterialUpdate":false,"showSkybox":false,"showFlares":false,"showImageEffects":false,"showParticleSystems":false},"in2DMode":false,"pivot":{"x":2.1286752223968508,"y":-0.486979603767395,"z":-0.5865582823753357},"rotation":{"x":-0.38734546303749087,"y":0.40503889322280886,"z":-0.19491952657699586,"w":-0.8049584627151489},"size":22.0,"orthographic":false}