{"cameraMode":{"drawMode":0,"name":"Shaded","section":"Shading Mode"},"sceneLighting":true,"audioPlay":false,"sceneViewState":{"showFog":false,"showMaterialUpdate":false,"showSkybox":false,"showFlares":false,"showImageEffects":false,"showParticleSystems":false},"in2DMode":false,"pivot":{"x":-4.665650367736816,"y":-2.487293004989624,"z":7.896580696105957},"rotation":{"x":-0.11000014841556549,"y":0.29610583186149599,"z":-0.0343673974275589,"w":-0.9481785893440247},"size":12.917437553405762,"orthographic":false}