{"cameraMode":{"drawMode":0,"name":"Shaded","section":"Shading Mode"},"sceneLighting":true,"audioPlay":false,"sceneViewState":{"showFog":false,"showMaterialUpdate":false,"showSkybox":false,"showFlares":false,"showImageEffects":false,"showParticleSystems":false},"in2DMode":false,"pivot":{"x":-4.303662300109863,"y":-1.042689561843872,"z":58.01106262207031},"rotation":{"x":0.0239834263920784,"y":-0.034483157098293307,"z":0.0008278186433017254,"w":0.9991176724433899},"size":61.4134521484375,"orthographic":false}