{"cameraMode":{"drawMode":0,"name":"Shaded","section":"Shading Mode"},"sceneLighting":false,"audioPlay":false,"sceneViewState":{"showFog":false,"showMaterialUpdate":false,"showSkybox":false,"showFlares":false,"showImageEffects":false,"showParticleSystems":false},"in2DMode":false,"pivot":{"x":-0.20291566848754884,"y":-0.2275639772415161,"z":-0.4116086959838867},"rotation":{"x":0.10044841468334198,"y":-0.7199487686157227,"z":0.1066032126545906,"w":0.6784014105796814},"size":23.334524154663087,"orthographic":false}