{"cameraMode":{"drawMode":0,"name":"Shaded","section":"Shading Mode"},"sceneLighting":true,"audioPlay":false,"sceneViewState":{"showFog":false,"showMaterialUpdate":false,"showSkybox":false,"showFlares":false,"showImageEffects":false,"showParticleSystems":false},"in2DMode":false,"pivot":{"x":-2.823390483856201,"y":0.05271124839782715,"z":58.166831970214847},"rotation":{"x":0.0239834263920784,"y":-0.034483157098293307,"z":0.0008278186433017254,"w":0.9991176724433899},"size":77.31196594238281,"orthographic":false}