{"cameraMode":{"drawMode":0,"name":"Shaded","section":"Shading Mode"},"sceneLighting":true,"audioPlay":false,"sceneViewState":{"showFog":false,"showMaterialUpdate":false,"showSkybox":false,"showFlares":false,"showImageEffects":false,"showParticleSystems":false},"in2DMode":false,"pivot":{"x":-0.5904569625854492,"y":-1.7794837951660157,"z":4.328802108764648},"rotation":{"x":0.2728106379508972,"y":-0.4435712397098541,"z":0.14380396902561189,"w":0.841513991355896},"size":11.605178833007813,"orthographic":false}