{"cameraMode":{"drawMode":0,"name":"Shaded","section":"Shading Mode"},"sceneLighting":true,"audioPlay":false,"sceneViewState":{"showFog":false,"showMaterialUpdate":false,"showSkybox":false,"showFlares":false,"showImageEffects":false,"showParticleSystems":false},"in2DMode":false,"pivot":{"x":-3.2807650566101076,"y":-2.176518440246582,"z":-0.10759735107421875},"rotation":{"x":0.2728106379508972,"y":-0.4435712397098541,"z":0.14380396902561189,"w":0.841513991355896},"size":11.605178833007813,"orthographic":false}